url,title,description
https://www.pucnotes-solutions.com/menu,MENU | Notes and textbooks of KSEEB 10th and DPUE 1st & 2nd PUC,"Visit this page to navigate through pages and get notes,textbooks,question papers,solutions for class 10 of KSEEB and 1st PUC & 2nd PUC of DPUE karnataka"
https://www.pucnotes-solutions.com/1st-puc-statistics,"Karnataka 1st PUC Statistics Model papers with solutions, previous year papers , question bank pdf download","1st PUC Statistics-Download model papers with solutions along with previous year papers, solved papers and question bank available as pdf download."
https://www.pucnotes-solutions.com/1st-pu-notes-economics,Karnataka 1st PUC Economics notes chapter-wise pdf download,1st PUC Economics chapter-wise notes & solutions pdf download.Revision notes and study materials are available for download in pdf format of all the chapters according to karnataka state board DPUE syllabus
https://www.pucnotes-solutions.com/1st-puc-physics,"Karnataka 1st PUC Physics Model papers with solutions, previous year papers , question bank pdf download","1st PUC Physics-Download model papers with solutions along with previous year papers, solved papers and question bank available as pdf download."
https://www.pucnotes-solutions.com/1stpuctextbookdownload,Karnataka 1st PUC textbook pdf download|Science & Commerce textbooks pdf,"Download textbooks for all the subjects of both science & Commerce streams of 1st PUC karnataka board, based on DPUE and NCERT schemes as direct pdf. Physics textbook, chemistry textbook,maths textbook,computer science textbook,biology textbook,electronics textbook,statistics textbook,history textbook,accountancy textbook,economics textbook,hindi textbook,english textbook,kannada textbook free pdf download."
https://www.pucnotes-solutions.com/previous-year-papers,karnataka 1st PUC & 2nd PUC previous year Papers | KSEEB 10th SSLC previous year papers download,"Download previous year papers for all the subjects of 10th standard and for both science & Commerce streams of 1st&2nd PUC karnataka board, based on DPUE and NCERT schemes as direct pdf to score well in exams . Physics , chemistry ,maths ,computer science ,biology,electronics ,statistics ,history ,accountancy ,economics ,hindi ,english ,kannada previous year papers free pdf download."
https://www.pucnotes-solutions.com/ncert-textbook-solutions,NCERT TextBook Solutions | 1st & 2nd PUC chapter-wise NCERT Solutions,"Download the chapter-wise solutions for NCERT textbook problems for physics,chemistry and mathematics textbook problems."
https://www.pucnotes-solutions.com/kcet-pattern,"KCET Examination Pattern | Physics , Chemistry , Mathematics & Biology",Examination pattern of the KCET exam along with Trend analysis of previous year papers is provided in the page to help[ students understand and prepare themselves accordingly for the KCET exam . Pattern is available for download as pdf 
https://www.pucnotes-solutions.com/1st-puc-mathematics,"Karnataka 1st PUC Mathematics Model papers with solutions, previous year papers , question bank pdf download","1st PUC Mathematics-Download model papers with solutions along with previous year papers, solved papers and question bank available as pdf download."
https://www.pucnotes-solutions.com/2nd-puc-computer-science,"Karnataka 2nd PUC Computer Science Model papers with solutions, previous year papers , question bank pdf download","2nd PUC Computer Science-Download model papers with solutions along with previous year papers, solved papers and question bank available as pdf download."
https://www.pucnotes-solutions.com/1st-puc-commerce-seba-notes-model-papers-question-papers-questionbank-solved-papers-download-pdf,"Karnataka 1st PU SEBA notes  | qs papers,textbooks,question bank pdf download","1st PUC SEBA-Download question papers,notes,model papers,textbooks,solved papers and question bank for Karnataka 1st PUC SEBA course having Statistics,Economics,Business studies and accountancy subjects according to DPUE karnataka available for pdf download"
https://www.pucnotes-solutions.com/1st-puc-science-pcmb-notes-model-papers-question-papers-questionbank-solved-papers-download-pdf,"Karnataka 1st PU PCMB notes  | qs papers,textbooks,question bank pdf download","1st PUC PCMB-Download question papers,notes,model papers,textbooks,solved papers and question bank for Karnataka 1st PUC PCMB course having Physics,Chemistry,Mathematics and Biology subjects according to NCERT and DPUE karnataka available for pdf download"
https://www.pucnotes-solutions.com/2nd-pu-notes-computer-science,Karnataka 2nd PUC Computer Science notes chapter-wise pdf download,2nd PUC Computer Science chapter-wise notes & solutions pdf download.Revision notes and study materials are available for download in pdf format of all the chapters according to karnataka state board DPUE syllabus
https://www.pucnotes-solutions.com/1st-pu-notes-kannada,"1st PUC Kannada notes, kannada notes 1st puc,kannada 1st puc chapter-wise pdf download 1st puc,1st puc kannada  textbook answers,kannada notes 1st puc 2022",1st PUC Kannada chapter-wise notes & solutions pdf download.Revision notes and study materials are available for download in pdf format of all the chapters according to karnataka state board DPUE syllabus
https://www.pucnotes-solutions.com,"10th, Karnataka 1st & 2nd PUC notes| resources pdf download PUCnotes&solutions","Right place for all your 1st&2nd PUC needs of DPUE karnataka and 10th standard of KSEEB , download pdf or view and learn with simple button user interface brought to you by PUCnotes&solutions. Get karnataka PUC notes, textbooks,solved & previous year papers etc on this website along with KCET papers"
https://www.pucnotes-solutions.com/2nd-pu-notes-english,"Karnataka 2nd PUC English notes chapter-wise pdf download,2nd puc english notes","2nd PUC English chapter-wise notes & solutions pdf download.Revision notes and study materials are available for download in pdf format of all the chapters according to karnataka state board DPUE syllabus,2nd puc english notes,english notes 2nd puc."
https://www.pucnotes-solutions.com/2nd-puc-kannada,"Karnataka 2nd PUC Kannada Model papers with solutions, previous year papers , question bank pdf download","2nd PUC Kannada-Download model papers with solutions along with previous year papers, solved papers and question bank available as pdf download."
https://www.pucnotes-solutions.com/2nd-puc-science-pcmb-notes-model-papers-question-papers-questionbank-solved-papers-download-pdf,"Karnataka 2nd PU PCMB notes  | qs papers,textbooks,question bank pdf download","2nd PUC PCMB-Download question papers,notes,model papers,textbooks,solved papers and question bank for Karnataka 1st PUC PCMB course having Physics,Chemistry,Mathematics and Biology subjects according to NCERT and DPUE karnataka available for pdf download"
https://www.pucnotes-solutions.com/2nd-pu-notes-mathematics,Karnataka 2nd PUC Mathematics notes chapter-wise pdf download,2nd PUC Mathematics chapter-wise notes & solutions pdf download.Revision notes and study materials are available for download in pdf format of all the chapters according to karnataka state board DPUE syllabus
https://www.pucnotes-solutions.com/2nd-pu-notes-history,Karnataka 2nd PUC History notes chapter-wise pdf download,2nd PUC History chapter-wise notes & solutions pdf download.Revision notes and study materials are available for download in pdf format of all the chapters according to karnataka state board DPUE syllabus
https://www.pucnotes-solutions.com/1st-puc-chemistry,"Karnataka 1st PUC Chemistry Model papers with solutions, previous year papers , question bank pdf download","1st PUC Chemistry-Download model papers with solutions along with previous year papers, solved papers and question bank available as pdf download."
https://www.pucnotes-solutions.com/1st-pu-notes-business-studies,Karnataka 1st PUC Business Studies notes chapter-wise pdf download,1st PUC Business studies chapter-wise notes & solutions pdf download.Revision notes and study materials are available for download in pdf format of all the chapters according to karnataka state board DPUE syllabus
https://www.pucnotes-solutions.com/2nd-puc-english,"Karnataka 2nd PUC English Model papers with solutions, previous year papers , question bank pdf download","2nd PUC English-Download model papers with solutions along with previous year papers, solved papers and question bank available as pdf download."
https://www.pucnotes-solutions.com/contact,Contact | Pucnotes Solutions,Feel free to contact us and write to us if you find anything wrong.
https://www.pucnotes-solutions.com/about,About | Pucnotes&Solutions,A little introduction about us and the cause for making this site.
https://www.pucnotes-solutions.com/10thkseebresources,"10th | 10th KSEEB Textbooks , Model papers pdf download-PUCnotes&solutions","KSEEB 10th Download textbooks,model papers,solved papers and previous year papers of 10th standard KSEEB karnataka state board"
https://www.pucnotes-solutions.com/1st-pu-notes-mathematics,Karnataka 1st PUC Mathematics notes chapter-wise pdf download,1st PUC Mathematics chapter-wise notes & solutions pdf download.Revision notes and study materials are available for download in pdf format of all the chapters according to karnataka state board DPUE syllabus
https://www.pucnotes-solutions.com/2nd-puc-commerce-seba-notes-model-papers-question-papers-questionbank-solved-papers-download-pdf,"Karnataka 2nd PU SEBA notes  | qs papers,textbooks,question bank pdf download","2nd PUC SEBA-Download question papers,notes,model papers,textbooks,solved papers and question bank for Karnataka 2nd PUC SEBA course having Statistics,Economics,Business studies and accountancy subjects according to DPUE karnataka available for pdf download"
https://www.pucnotes-solutions.com/1stpuckarnataka,1st PUC DPUE karnataka  | Science & Commerce pdf download,"1st PUC DPUE -  karnataka ,download textbooks,notes,previous year papers,model papers,question bank of science and commerce stream of DPUE Karnataka"
https://www.pucnotes-solutions.com/2nd-pu-notes-physics,Karnataka 2nd PUC Physics notes chapter-wise pdf download,2nd PUC Physics chapter-wise notes & solutions pdf download.Revision notes and study materials are available for download in pdf format of all the chapters according to karnataka state board DPUE syllabus
https://www.pucnotes-solutions.com/1st-puc-science-pcmc-notes-model-papers-question-papers-questionbank-solved-papers-download-pdf,"Karnataka 1st PU PCMC notes  | qs papers,textbooks,question bank pdf download","1st PUC PCMC-Download question papers,notes,model papers,textbooks,solved papers and question bank for Karnataka 1st PUC PCMC course having Physics,Chemistry,Mathematics and Computer Science subjects according to NCERT and DPUE karnataka available for pdf download"
https://www.pucnotes-solutions.com/2nd-puc-chemistry,"Karnataka 2nd PUC Chemistry Model papers with solutions, previous year papers , question bank pdf download","2nd PUC Chemistry-Download model papers with solutions along with previous year papers, solved papers and question bank available as pdf download."
https://www.pucnotes-solutions.com/2nd-puc-science-notes-model-papers-question-papers-questionbank-solved-papers-download-pdf,"Karnataka 2nd PU Science | notes,qs papers,textbooks,question bank pdf download","2nd PUC Science-Get textbooks,notes,model papers,previous year question papers,solved papers and question bank for karnataka 2nd PUC science stream consisting of NCERT Physics,Chemistry,Mathematics,Biology,Computer science and Electronics according to karnataka state board syllabus DPUE available for free pdf download "
https://www.pucnotes-solutions.com/2nd-puc-commerce-heba-notes-model-papers-question-papers-questionbank-solved-papers-download-pdf,"Karnataka 2nd PU HEBA notes  | qs papers,textbooks,question bank pdf download","2nd PUC HEBA-Download question papers,notes,model papers,textbooks,solved papers and question bank for Karnataka 2nd PUC HEBA course having History,Economics,Business studies and accountancy subjects according to DPUE karnataka available for pdf download"
https://www.pucnotes-solutions.com/2nd-pu-notes-statistics,Karnataka 2nd PUC Statistics notes chapter-wise pdf download,2nd PUC statistics chapter-wise notes & solutions pdf download.Revision notes and study materials are available for download in pdf format of all the chapters according to karnataka state board DPUE syllabus
https://www.pucnotes-solutions.com/kcet-cutoffs,"KCET Cutoffs Latest | Engineering,Agriculture,Architecture,Pharma&BNYS Cutoffs pdf download Cutoff analyser","Download KCET Cutoffs for various rounds of admissions for Engineering,Agriculture,Architecture,Pharma and Naturopathy&Yoga science disciplines of the year 2018, 2019,2020,2021,2022"
https://www.pucnotes-solutions.com/2nd-puc-accountancy,"Karnataka 2nd PUC Accountancy Model papers with solutions, previous year papers , question bank pdf download","2nd PUC Accountancy-Download model papers with solutions along with previous year papers, solved papers and question bank available as pdf download."
https://www.pucnotes-solutions.com/1st-puc-computer-science,"Karnataka 1st PUC Computer Science Model papers with solutions, previous year papers , question bank pdf download","1st PUC Computer Science-Download model papers with solutions along with previous year papers, solved papers and question bank available as pdf download."
https://www.pucnotes-solutions.com/1st-pu-notes-computer-science,Karnataka 1st PUC Computer Science notes chapter-wise pdf download,1st PUC Computer Science chapter-wise notes & solutions pdf download.Revision notes and study materials are available for download in pdf format of all the chapters according to karnataka state board DPUE syllabus
https://www.pucnotes-solutions.com/1st-pu-notes-electronics,Karnataka 1st PUC Electronics notes chapter-wise pdf download,1st PUC Electronics chapter-wise notes & solutions pdf download.Revision notes and study materials are available for download in pdf format of all the chapters according to karnataka state board DPUE syllabus
https://www.pucnotes-solutions.com/1st-puc-business-studies,"Karnataka 1st PUC Business Studies Model papers with solutions, previous year papers , question bank pdf download","1st PUC Business studies-Download model papers with solutions along with previous year papers, solved papers and question bank available as pdf download."
https://www.pucnotes-solutions.com/question-bank,karnataka 1st PUC & 2nd PUC Question bank | KSEEB 10th SSLC question bank download,"Download question bank for all the subjects of 10th standard and for both science & Commerce streams of 1st&2nd PUC karnataka board, based on DPUE and NCERT schemes as direct pdf to score well in exams . Physics , chemistry ,maths ,computer science ,biology,electronics ,statistics ,history ,accountancy ,economics ,hindi ,english ,kannada question bank free pdf download."
https://www.pucnotes-solutions.com/1st-pu-notes-statistics,Karnataka 1st PUC Statistics notes chapter-wise pdf download,1st PUC statistics chapter-wise notes & solutions pdf download.Revision notes and study materials are available for download in pdf format of all the chapters according to karnataka state board DPUE syllabus
https://www.pucnotes-solutions.com/1st-puc-kannada,"Karnataka 1st PUC Kannada Model papers with solutions, previous year papers , question bank pdf download","1st PUC Kannada-Download model papers with solutions along with previous year papers, solved papers and question bank available as pdf download."
https://www.pucnotes-solutions.com/2nd-puc-hindi,"Karnataka 2nd PUC Hindi Model papers with solutions, previous year papers , question bank pdf download","2nd PUC Hindi-Download model papers with solutions along with previous year papers, solved papers and question bank available as pdf download."
https://www.pucnotes-solutions.com/1st-pu-notes-physics,Karnataka 1st PUC Physics notes chapter-wise pdf download,1st PUC Physics chapter-wise notes & solutions pdf download.Revision notes and study materials are available for download in pdf format of all the chapters according to karnataka state board DPUE syllabus
https://www.pucnotes-solutions.com/2nd-pu-notes-kannada,2Kannada | Pucnotes Solutions,2nd PUC Kannada chapter-wise notes & solutions pdf download.Revision notes and study materials are available for download in pdf format of all the chapters according to karnataka state board DPUE syllabus
https://www.pucnotes-solutions.com/2nd-pu-notes-accountancy,Karnataka 2nd PUC Accountancy notes chapter-wise pdf download,2nd PUC Accountancy chapter-wise notes & solutions pdf download.Revision notes and study materials are available for download in pdf format of all the chapters according to karnataka state board DPUE syllabus
https://www.pucnotes-solutions.com/2nd-puc-science-pcme-notes-model-papers-question-papers-questionbank-solved-papers-download-pdf,"Karnataka 2nd PU PCME notes  | qs papers,textbooks,question bank pdf download","2nd PUC PCME-Download question papers,notes,model papers,textbooks,solved papers and question bank for Karnataka 1st PUC PCME course having Physics,Chemistry,Mathematics and Electronics subjects according to NCERT and DPUE karnataka available for pdf download"
https://www.pucnotes-solutions.com/1st-puc-economic,"Karnataka 1st PUC Economics Model papers with solutions, previous year papers , question bank pdf download","1st PUC Economics-Download model papers with solutions along with previous year papers, solved papers and question bank available as pdf download."
https://www.pucnotes-solutions.com/2nd-pu-notes-electronics,Karnataka 2nd PUC Electronics notes chapter-wise pdf download,2nd PUC Electronics chapter-wise notes & solutions pdf download.Revision notes and study materials are available for download in pdf format of all the chapters according to karnataka state board DPUE syllabus
https://www.pucnotes-solutions.com/2nd-puc-mathematics,"Karnataka 2nd PUC Mathematics Model papers with solutions, previous year papers , question bank pdf download","2nd PUC Mathematics-Download model papers with solutions along with previous year papers, solved papers and question bank available as pdf download."
https://www.pucnotes-solutions.com/1st-puc-hindi,"Karnataka 1st PUC Hindi Model papers with solutions, previous year papers , question bank pdf download","1st PUC Hindi-Download model papers with solutions along with previous year papers, solved papers and question bank available as pdf download."
https://www.pucnotes-solutions.com/1st-pu-notes-chemistry,Karnataka 1st PUC Chemistry notes chapter-wise pdf download,1st PUC Chemistry chapter-wise notes & solutions pdf download.Revision notes and study materials are available for download in pdf format of all the chapters according to karnataka state board DPUE syllabus
https://www.pucnotes-solutions.com/1st-pu-notes-history,Karnataka 1st PUC History notes chapter-wise pdf download,1st PUC History chapter-wise notes & solutions pdf download.Revision notes and study materials are available for download in pdf format of all the chapters according to karnataka state board DPUE syllabus
https://www.pucnotes-solutions.com/2nd-puc-languages-hindi-english-kannada-notes-model-question-solved-papers-download-pdf,"Karnataka 2nd PU Languages | notes,qs papers,textbooks,question bank pdf download","2nd PUC Languages-Get textbooks,notes,model papers,previous year question papers,solved papers and question bank for karnataka 2nd PUC languages kannada , hindi and englishstream consisting of NCERT Physics,Chemistry,Mathematics,Biology,Computer science and Electronics according to karnataka state board syllabus DPUE available for free pdf download "
https://www.pucnotes-solutions.com/1st-puc-science-pcme-notes-model-papers-question-papers-questionbank-solved-papers-download-pdf,"Karnataka 1st PU PCME notes  | qs papers,textbooks,question bank pdf download","1st PUC PCME-Download question papers,notes,model papers,textbooks,solved papers and question bank for Karnataka 1st PUC PCME course having Physics,Chemistry,Mathematics and Electronics subjects according to NCERT and DPUE karnataka available for pdf download"
https://www.pucnotes-solutions.com/kcet-solved-papers,KCET Solved papers | KCET papers with Complete Solutions,"Download KCET Papers from 2014-2022 with complete Solutions to score well in exam . This website contains Solved papers of KCET Exam from 2014 of all the subjects PHysics , Chemistry , Mathematics and Biology"
https://www.pucnotes-solutions.com/2nd-puc-commerce-ceba-notes-model-papers-question-papers-questionbank-solved-papers-download-pdf,"Karnataka 2nd PU CEBA notes  | qs papers,textbooks,question bank pdf download","2nd PUC CEBA-Download question papers,notes,model papers,textbooks,solved papers and question bank for Karnataka 2nd PUC CEBA course having Computer Science,Economics,Business studies and accountancy subjects according to DPUE karnataka available for pdf download"
https://www.pucnotes-solutions.com/kcet-question-bank,"KCET Question bank | Physics,Chemistry,Mathematics,Biology Question bank , Vikasana by KEA",Go through the question bank of KCET published and hosted by KEA that conducts KCET Examination in order to get better understanding of the questions for the exam
https://www.pucnotes-solutions.com/kcet-question-papers,KCET Question papers pdf | Previous year papers with key answers and solutions pdf download,Download KCET Papers of all subjects from 2014-2022 along with Key answers and solutions to understand and learn accordingly to score more in the exam.
https://www.pucnotes-solutions.com/2nd-puc-science-pcmc-notes-model-papers-question-papers-questionbank-solved-papers-download-pdf,"Karnataka 2nd PU PCMC notes  | qs papers,textbooks,question bank pdf download","2nd PUC PCMC-Download question papers,notes,model papers,textbooks,solved papers and question bank for Karnataka 1st PUC PCMC course having Physics,Chemistry,Mathematics and Computer Science subjects according to NCERT and DPUE karnataka available for pdf download"
https://www.pucnotes-solutions.com/10th-textbookspdfdownload,"Karnataka state board SSLC 10th textbooks pdf download | Science,maths,social,hindi,english,kannada textbook pdf download","Download SSLC textbooks of Karnataka state board KSEEB from KTBS . Science,mathematics,Social,Hindi,English,Kannada textbooks pdf download"
https://www.pucnotes-solutions.com/2nd-pu-notes-business-studies,Karnataka 2nd PUC Business Studies notes chapter-wise pdf download,2nd PUC Business studies chapter-wise notes & solutions pdf download.Revision notes and study materials are available for download in pdf format of all the chapters according to karnataka state board DPUE syllabus
https://www.pucnotes-solutions.com/2nd-pu-notes-biology,Karnataka 2nd PUC Biology notes chapter-wise pdf download,2nd PUC Biology chapter-wise notes & solutions pdf download.Revision notes and study materials are available for download in pdf format of all the chapters according to karnataka state board DPUE syllabus
https://www.pucnotes-solutions.com/2nd-puc-statistics,"Karnataka 2nd PUC Statistics Model papers with solutions, previous year papers , question bank pdf download","2nd PUC Statistics-Download model papers with solutions along with previous year papers, solved papers and question bank available as pdf download."
https://www.pucnotes-solutions.com/2nd-puc-biology,"Karnataka 2nd PUC Biology Model papers with solutions, previous year papers , question bank pdf download","2nd PUC Biology-Download model papers with solutions along with previous year papers, solved papers and question bank available as pdf download."
https://www.pucnotes-solutions.com/2ndpuckarnataka,2nd PUC DPUE karnataka  | Science & Commerce pdf download,"2nd PUC DPUE -  karnataka ,download textbooks,notes,previous year papers,model papers,question bank of science and commerce stream of DPUE Karnataka"
https://www.pucnotes-solutions.com/1st-puc-science-notes-model-papers-question-papers-questionbank-solved-papers-download-pdf,"Karnataka 1st PU Science | notes,qs papers,textbooks,question bank pdf download","1st PUC Science-Get textbooks,notes,model papers,previous year question papers,solved papers and question bank for karnataka 1st PUC science stream consisting of NCERT Physics,Chemistry,Mathematics,Biology,Computer science and Electronics according to karnataka state board syllabus DPUE available for free pdf download "
https://www.pucnotes-solutions.com/kcet-latest-news,"KCET Latest News & Updates | Admissions , Application , Verification , Results","Get latest and on-going updates on admission process under KCET for various disciplines like Engineering, agriculture, architecture etc and the important dates in which processes take place "
https://www.pucnotes-solutions.com/1st-puc-electronics,"Karnataka 1st PUC Electronics Model papers with solutions, previous year papers , question bank pdf download","1st PUC Electronics-Download model papers with solutions along with previous year papers, solved papers and question bank available as pdf download."
https://www.pucnotes-solutions.com/1st-pu-accountancy-notes,Karnataka 1st PUC Accountancy notes chapter-wise pdf download,1st PUC Accountancy chapter-wise notes & solutions pdf download.Revision notes and study materials are available for download in pdf format of all the chapters according to karnataka state board DPUE syllabus
https://www.pucnotes-solutions.com/2nd-puc-commerce-notes-model-papers-question-papers-questionbank-solved-papers-download-pdf,"Karnataka 2nd PU Commerce | notes,qs papers,textbooks,question bank pdf download","2nd PUC commerce-Get textbooks,notes,model papers,previous year question papers,solved papers and question bank for karnataka 2nd PUC Commerce stream consisting of NCERT Physics,Chemistry,Mathematics,Biology,Computer science and Electronics according to karnataka state board syllabus DPUE available for free pdf download "
https://www.pucnotes-solutions.com/2nd-puc-history,"Karnataka 2nd PUC History Model papers with solutions, previous year papers , question bank pdf download","2nd PUC History-Download model papers with solutions along with previous year papers, solved papers and question bank available as pdf download."
https://www.pucnotes-solutions.com/kcet-mock-papers,KCET Mock papers | Practice papers pdf download,Download these model papers so that you get better understanding of the questions being asked and improve your time management to score well in the exam
https://www.pucnotes-solutions.com/2ndpuctextbookdownload,Karnataka 2nd PUC textbook pdf download|Science & Commerce textbooks pdf,"Download textbooks for all the subjects of both science & Commerce streams of 2nd PUC karnataka board, based on DPUE and NCERT schemes as direct pdf. Physics textbook, chemistry textbook,maths textbook,computer science textbook,biology textbook,electronics textbook,statistics textbook,history textbook,accountancy textbook,economics textbook,hindi textbook,english textbook,kannada textbook free pdf download."
https://www.pucnotes-solutions.com/1st-puc-languages-hindi-english-kannada-notes-model-question-solved-papers-download-pdf,"Karnataka 1st PU Languages | notes,qs papers,textbooks,question bank pdf download","1st PUC Languages-Get textbooks,notes,model papers,previous year question papers,solved papers and question bank for karnataka 1st PUC languages kannada , hindi and englishstream consisting of NCERT Physics,Chemistry,Mathematics,Biology,Computer science and Electronics according to karnataka state board syllabus DPUE available for free pdf download "
https://www.pucnotes-solutions.com/textbooksdownload,"KTBS & DPUE | Karnataka state board 10th standard and 1st PUC, 2nd PUC tetxbook pdf download",Download textbooks for karnataka stateboard KSEEB 10th standard and DPUE NCERT 1st and 2nd PUC textbooks
https://www.pucnotes-solutions.com/1st-pu-notes-english,Karnataka 1st PUC English notes chapter-wise pdf download,1st PUC English chapter-wise notes & solutions pdf download.Revision notes and study materials are available for download in pdf format of all the chapters according to karnataka state board DPUE syllabus
https://www.pucnotes-solutions.com/privacy-policy,Privacy Policy  | Pucnotes&Solutions,our Privacy Policy
https://www.pucnotes-solutions.com/2nd-puc-business-studies,"Karnataka 2nd PUC Business Studies Model papers with solutions, previous year papers , question bank pdf download","2nd PUC Business studies-Download model papers with solutions along with previous year papers, solved papers and question bank available as pdf download."
https://www.pucnotes-solutions.com/1st-puc-commerce-notes-model-papers-question-papers-questionbank-solved-papers-download-pdf,"Karnataka 1st PU Commerce | notes,qs papers,textbooks,question bank pdf download","1st PUC Commerce-Get textbooks,notes,model papers,previous year question papers,solved papers and question bank for karnataka 1st PUC commerce stream consisting of NCERT Physics,Chemistry,Mathematics,Biology,Computer science and Electronics according to karnataka state board syllabus DPUE available for free pdf download "
https://www.pucnotes-solutions.com/terms-conditions,Terms & Conditions | Pucnotes&Solutions,Our Terms & Conditions
https://www.pucnotes-solutions.com/1st-puc-commerce-heba-notes-model-papers-question-papers-questionbank-solved-papers-download-pdf,"Karnataka 1st PU HEBA notes  | qs papers,textbooks,question bank pdf download","1st PUC HEBA-Download question papers,notes,model papers,textbooks,solved papers and question bank for Karnataka 1st PUC HEBA course having History,Economics,Business studies and accountancy subjects according to DPUE karnataka available for pdf download"
https://www.pucnotes-solutions.com/2nd-pu-notes-economics,Karnataka 2nd PUC Economics notes chapter-wise pdf download,"2nd puc economics,2 economics,2puc notes economics,2nd PUC Economics chapter-wise notes & solutions pdf download.Revision notes and study materials are available for download in pdf format of all the chapters according to karnataka state board DPUE syllabus"
https://www.pucnotes-solutions.com/2nd-pu-notes-chemistry,Karnataka 2nd PUC Chemistry notes chapter-wise pdf download,2nd PUC Chemistry chapter-wise notes & solutions pdf download.Revision notes and study materials are available for download in pdf format of all the chapters according to karnataka state board DPUE syllabus
https://www.pucnotes-solutions.com/revision-notes,1st PUC & 2nd PUC Chapter-wise notes | karnataka 1st and 2nd puc short notes,"Download Chapter-wise revision notes for karnataka 1st PUC & 2nd PUC  according to syllabus prescribed by DPUE Karnataka, notes for both commerce and science stream along with languages are available for download in pdf format.Subjects includes Physics , chemistry ,maths ,computer science ,biology,electronics ,statistics ,history ,accountancy ,economics ,hindi ,english ,kannada. "
https://www.pucnotes-solutions.com/solved-papers,karnataka 1st PUC & 2nd PUC solved papers | KSEEB 10th SSLC solved papers download,"Download solved papers for all the subjects of 10th standard and for both science & Commerce streams of 1st&2nd PUC karnataka board, based on DPUE and NCERT schemes as direct pdf to score well in exams . Physics , chemistry ,maths ,computer science ,biology,electronics ,statistics ,history ,accountancy ,economics ,hindi ,english ,kannada solved papers free pdf download."
https://www.pucnotes-solutions.com/model-papers,karnataka 1st PUC & 2nd PUC Model Papers | KSEEB 10th SSLC Model papers download,"Download model papers for all the subjects of 10th standard and for both science & Commerce streams of 1st&2nd PUC karnataka board, based on DPUE and NCERT schemes as direct pdf to score well in exams . Physics , chemistry ,maths ,computer science ,biology,electronics ,statistics ,history ,accountancy ,economics ,hindi ,english ,kannada model papers free pdf download."
https://www.pucnotes-solutions.com/1st-puc-commerce-ceba-notes-model-papers-question-papers-questionbank-solved-papers-download-pdf,"Karnataka 1st PU CEBA notes  | qs papers,textbooks,question bank pdf download","1st PUC CEBA-Download question papers,notes,model papers,textbooks,solved papers and question bank for Karnataka 1st PUC CEBA course having Computer science,Economics,Business studies and accountancy subjects according to DPUE karnataka available for pdf download"
https://www.pucnotes-solutions.com/2nd-puc-economics,"Karnataka 2nd PUC Economics Model papers with solutions, previous year papers , question bank pdf download","2nd PUC Economics-Download model papers with solutions along with previous year papers, solved papers and question bank available as pdf download."
https://www.pucnotes-solutions.com/1st-puc-biology,"Karnataka 1st PUC Biology Model papers with solutions, previous year papers , question bank pdf download","1st PUC Biology-Download model papers with solutions along with previous year papers, solved papers and question bank available as pdf download."
https://www.pucnotes-solutions.com/kcet,"KCET Latest | Solved papers,Exam pattern,Question bank,Cutoffs pdf download","Latest Updates on Previous year papers , Cutoffs , Solved papers with solutions , Answer keys , Question bank , Revision notes , Exam pattern available for download as pdfs to help you score well in exams."
https://www.pucnotes-solutions.com/2nd-pu-notes-hindi,Karnataka 2nd PUC Hindi notes chapter-wise pdf download,2nd PUC Hindi chapter-wise notes & solutions pdf download.Revision notes and study materials are available for download in pdf format of all the chapters according to karnataka state board DPUE syllabus
https://www.pucnotes-solutions.com/1st-puc-accountancy-content,"Karnataka 1st PUC Accountancy Model papers with solutions, previous year papers , question bank pdf download","1st PUC Accountancy-Download model papers with solutions along with previous year papers, solved papers and question bank available as pdf download."
https://www.pucnotes-solutions.com/kcet-revision-notes,"KCET Revision notes | Physics,Chemistry,Mathematics,Biology revison notes pdf download","Download Revision notes for a quick glance of all the topics for the KCET Examination of all the subjects Physics, Chemistry, mathematics and biology available for download as pdf."
https://www.pucnotes-solutions.com/1st-puc-history,"Karnataka 1st PUC History Model papers with solutions, previous year papers , question bank pdf download","1st PUC Hindi-Download model papers with solutions along with previous year papers, solved papers and question bank available as pdf download."
https://www.pucnotes-solutions.com/1st-pu-notes-hindi,"Karnataka 1st PUC Hindi notes chapter-wise pdf download,1st puc hindi notes,1st puc hindi notes pdf download.",1st PUC Hindi chapter-wise notes & solutions pdf download.Revision notes and study materials are available for download in pdf format of all the chapters according to karnataka state board DPUE syllabus
https://www.pucnotes-solutions.com/1st-pu-notes-biology,Karnataka 1st PUC Biology notes chapter-wise pdf download,1st PUC Biology chapter-wise notes & solutions pdf download.Revision notes and study materials are available for download in pdf format of all the chapters according to karnataka state board DPUE syllabus
https://www.pucnotes-solutions.com/mid-term-papers,karnataka 1st PUC & 2nd PUC Mid-Term Papers | Mid-Term papers download,"Download Mid-Term papers for all the subjects of  both science & Commerce streams of 1st&2nd PUC karnataka board, based on DPUE and NCERT schemes as direct pdf to score well in exams . Physics , chemistry ,maths ,computer science ,biology,electronics ,statistics ,history ,accountancy ,economics ,hindi ,english ,kannada midterm papers free pdf download."
https://www.pucnotes-solutions.com/2nd-puc-electronics,"/Karnataka 2nd PUC Electronics Model papers with solutions, previous year papers , question bank pdf download","2nd PUC Electronics-Download model papers with solutions along with previous year papers, solved papers and question bank available as pdf download."
https://www.pucnotes-solutions.com/1st-puc-english,"Karnataka 1st PUC English Model papers with solutions, previous year papers , question bank pdf download","1st PUC English-Download model papers with solutions along with previous year papers, solved papers and question bank available as pdf download."
https://www.pucnotes-solutions.com/exclusive-short-notes,1st PUC & 2nd PUC short notes | karnataka 1st and 2nd puc revision notes,Exclusive short notes to score more than 90% in board exams of karnataka DPUE board for science stream is uploaded and is available for free download in pdf format
https://www.pucnotes-solutions.com/content-updates,content to be updated,sorry for inconvenience
